{
	"feature_names" : 
	[
		"has_partition",
		"has_cluster",
		"table_size_bytes",
		"partition_filter_ratio",
		"cluster_filter_ratio"
	],
	"features" : 
	{
		"cluster_filter_ratio" : 
		{
			"max" : 0.0475720659798395,
			"mean" : 0.008778436038755734,
			"min" : 0,
			"stddev" : 0.01540216023655077
		},
		"has_cluster" : 
		{
			"max" : 1,
			"mean" : 0.4955696202531639,
			"min" : 0,
			"stddev" : 0.5000595009495213
		},
		"has_partition" : 
		{
			"max" : 1,
			"mean" : 0.4952531645569616,
			"min" : 0,
			"stddev" : 0.5000565961853982
		},
		"partition_filter_ratio" : 
		{
			"max" : 1,
			"mean" : 0.2865878532950127,
			"min" : 0.002770083102493,
			"stddev" : 0.2605641772131501
		},
		"table_size_bytes" : 
		{
			"max" : 7234806562,
			"mean" : 5151315398.450305,
			"min" : 1201852092,
			"stddev" : 1809089367.76032
		}
	},
	"label_col" : "bytes_processed",
	"model_type" : "boosted_tree_regressor"
}
