{
	"feature_names" : 
	[
		"has_partition",
		"has_cluster",
		"table_size_bytes",
		"partition_filter_ratio",
		"cluster_filter_ratio"
	],
	"features" : 
	{
		"cluster_filter_ratio" : 
		{
			"max" : 1,
			"mean" : 0.4356492630171435,
			"min" : 0.0433289500293033,
			"stddev" : 0.3403809554181925
		},
		"has_cluster" : 
		{
			"max" : 1,
			"mean" : 0.5024119508273265,
			"min" : 0,
			"stddev" : 0.5000071502905341
		},
		"has_partition" : 
		{
			"max" : 1,
			"mean" : 0.5003890243269883,
			"min" : 0,
			"stddev" : 0.5000128166381793
		},
		"partition_filter_ratio" : 
		{
			"max" : 1,
			"mean" : 0.2803789507028876,
			"min" : 0.0037174721189591,
			"stddev" : 0.2841774968045286
		},
		"table_size_bytes" : 
		{
			"max" : 7234806562,
			"mean" : 4012167995.030179,
			"min" : 619136134,
			"stddev" : 2047166931.852183
		}
	},
	"label_col" : "bytes_processed",
	"model_type" : "boosted_tree_regressor"
}
